[
  {
    "id": "6ac827f6-3b57-4e35-8bad-4a7bc3668f07",
    "data": [
      {
        "text": "That\u0027s it",
        "userDefined": false
      }
    ],
    "isTemplate": false,
    "count": 0,
    "lang": "en",
    "updated": 0
  },
  {
    "id": "0e40a424-839e-4f83-847d-f6a9ad34e180",
    "data": [
      {
        "text": "Done",
        "userDefined": false
      }
    ],
    "isTemplate": false,
    "count": 0,
    "lang": "en",
    "updated": 0
  },
  {
    "id": "6681f1a2-91aa-4fce-b17a-cc52b7cc286a",
    "data": [
      {
        "text": "Place an order",
        "userDefined": false
      }
    ],
    "isTemplate": false,
    "count": 0,
    "lang": "en",
    "updated": 0
  },
  {
    "id": "193110f4-ed3c-49c5-938a-fe5854053ddb",
    "data": [
      {
        "text": "Done ordering it",
        "userDefined": false
      }
    ],
    "isTemplate": false,
    "count": 0,
    "lang": "en",
    "updated": 0
  },
  {
    "id": "8c9f36a2-a8e3-424e-a2e3-73cc082c3c23",
    "data": [
      {
        "text": "That\u0027s all I needed",
        "userDefined": false
      }
    ],
    "isTemplate": false,
    "count": 0,
    "lang": "en",
    "updated": 0
  },
  {
    "id": "ab4af139-e5eb-420f-9f3d-498ab96bf9d6",
    "data": [
      {
        "text": "Nope",
        "userDefined": false
      }
    ],
    "isTemplate": false,
    "count": 0,
    "lang": "en",
    "updated": 0
  }
]